kind,id,district,type,detail,name,new_name
city,,,,,Corvane,Margin City
district,13,Downtown,CBD,,Downtown,
district,12,Park Terrace,Residential,,Park Terrace,
district,11,The Heights,Residential,,The Heights,
district,16,Brickrow,Residential,,Brickrow,The Bricks
district,14,Chinatown,Chinatown,,Chinatown,
district,18,East Stacks,Industrial,,East Stacks,
district,17,West Stacks,Industrial,,West Stacks,
district,15,Red Light,RedLight,,Red Light,
street,47,Brickrow,back street,24 tiles,Currie Parade,
street,50,Brickrow,back street,28 tiles,Dickerson Parade,
street,74,Brickrow,back street,24 tiles,Dominguez Parade,
street,37,Brickrow,back street,4 tiles,Ferrari Well,
street,15,Brickrow,back street,10 tiles,Hoffmann Street,
street,16,Brickrow,back street,10 tiles,Layne Street,
street,1,Brickrow,street,28 tiles,Li Boulevard,Neon Row
street,21,Brickrow,back street,24 tiles,Luo Street,
street,26,Brickrow,back street,10 tiles,Parker Street,
street,2,Brickrow,street,24 tiles,Pointer Boulevard,Lantern Way
street,63,Brickrow,back street,10 tiles,Price Street,
street,40,Brickrow,back street,24 tiles,Rodriguez Boulevard,
street,10,Brickrow,street,28 tiles,Sleiman Parade,
street,59,Brickrow,back street,24 tiles,Sloan Parade,
street,27,Brickrow,back street,24 tiles,Titus Street,
street,36,Chinatown,back street,28 tiles,Blanc Boulevard,Jade Street
street,97,Chinatown,back street,4 tiles,Bonnet Street,
street,79,Chinatown,back street,28 tiles,Chon Parade,
street,77,Chinatown,back street,10 tiles,Dobson Street,
street,68,Chinatown,alley,6 tiles,Gallagher Street,
street,100,Chinatown,alley,4 tiles,Gu Street,
street,44,Chinatown,back street,10 tiles,Jamerson Street,
street,31,Chinatown,back street,28 tiles,Liddell Street,Pagoda Street
street,53,Chinatown,back street,6 tiles,McArthur Street,
street,75,Chinatown,back street,10 tiles,McGuire Street,
street,65,Chinatown,back street,14 tiles,Rees Boulevard,
street,73,Chinatown,back street,10 tiles,Robinson Street,
street,20,Chinatown,back street,6 tiles,Robles Avenue,
street,56,Chinatown,back street,24 tiles,Rose Street,Canton Street
street,28,Chinatown,back street,28 tiles,Woody Boulevard,Dragon Gate Road
street,18,Downtown,back street,28 tiles,Allen Street,
street,24,Downtown,back street,24 tiles,Byrne Boulevard,
street,55,Downtown,back street,10 tiles,Canady Street,
street,89,Downtown,back street,4 tiles,Carver Street,
street,42,Downtown,back street,10 tiles,Cho,
street,3,Downtown,street,28 tiles,Delarosa Street,Margin Street
street,32,Downtown,back street,10 tiles,Durand Street,
street,45,Downtown,back street,28 tiles,Fitzpatrick Street,
street,29,Downtown,back street,28 tiles,Flowers Street,
street,4,Downtown,street,28 tiles,Johansen Street,Ledger Row
street,5,Downtown,street,28 tiles,Lovelace Boulevard,Commons Way
street,35,Downtown,alley,6 tiles,McGowan Rue,
street,92,Downtown,back street,6 tiles,Muller Street,
street,8,Downtown,street,28 tiles,Mullins Street,Treasury Street
street,57,Downtown,back street,10 tiles,Nakagawa Street,
street,7,Downtown,back street,10 tiles,No Street,
street,19,Downtown,back street,10 tiles,O'Brien Street,
street,52,Downtown,alley,4 tiles,Petrovic Street,
street,13,Downtown,street,24 tiles,Seymore Boulevard,Velvet Street
street,25,Downtown,back street,14 tiles,Tibbs Street,
street,49,East Stacks,back street,10 tiles,Matsui Street,
street,70,East Stacks,back street,28 tiles,Speller Street,Wharf Road
street,88,East Stacks,back street,10 tiles,Williams Street,
street,14,Park Terrace,back street,10 tiles,Alvarez Street,
street,69,Park Terrace,back street,14 tiles,Athanasiadis Street,
street,95,Park Terrace,alley,6 tiles,Bouchard Street,
street,17,Park Terrace,back street,28 tiles,Chae Street,
street,38,Park Terrace,back street,28 tiles,Cho Street,
street,101,Park Terrace,alley,6 tiles,Dantzler Street,
street,83,Park Terrace,back street,10 tiles,Echohawk Street,
street,82,Park Terrace,back street,24 tiles,Ioannou Boulevard,
street,80,Park Terrace,back street,24 tiles,Jansen Parade,
street,64,Park Terrace,back street,28 tiles,Justice Street,
street,61,Park Terrace,back street,10 tiles,Kahale Street,
street,86,Park Terrace,back street,4 tiles,Lawrence Wynd,
street,87,Park Terrace,alley,4 tiles,McDonald Street,
street,51,Park Terrace,alley,4 tiles,Meier Fort,
street,54,Park Terrace,back street,24 tiles,Montgomery Parade,
street,71,Park Terrace,back street,10 tiles,Otero Street,
street,76,Park Terrace,back street,28 tiles,Qian Street,
street,48,Park Terrace,back street,10 tiles,Rim Street,
street,58,Park Terrace,back street,14 tiles,Russell Parade,
street,72,Park Terrace,back street,10 tiles,Thomas Street,
street,60,Park Terrace,back street,10 tiles,Womack Street,
street,91,Park Terrace,alley,4 tiles,Young Mews,
street,81,Red Light,back street,10 tiles,McAllister Street,
street,84,Red Light,back street,10 tiles,Rutledge Street,
street,67,Red Light,back street,18 tiles,Whittaker Street,Lowtide Street
street,12,Red Light,street,28 tiles,Wright Boulevard,Garter Lane
street,30,The Heights,back street,28 tiles,Andreassen Street,
street,23,The Heights,back street,28 tiles,Anumula Street,
street,39,The Heights,alley,4 tiles,Baruti Mill,
street,43,The Heights,back street,24 tiles,Butcher Street,
street,93,The Heights,alley,6 tiles,Engel Street,
street,11,The Heights,street,24 tiles,Grayson Boulevard,Founders Avenue
street,96,The Heights,alley,6 tiles,Leroy Street,
street,22,The Heights,alley,4 tiles,Linton Street,
street,66,The Heights,alley,4 tiles,Mendez Gate,
street,99,The Heights,alley,6 tiles,Myers Rue,
street,9,The Heights,street,28 tiles,Roberts Street,
street,78,The Heights,back street,24 tiles,Sarraf Street,
street,90,The Heights,alley,6 tiles,Thakran Street,
street,6,The Heights,back street,10 tiles,Touma Street,
street,34,The Heights,back street,14 tiles,Trejo Street,
street,33,The Heights,back street,10 tiles,Xia Street,
street,41,West Stacks,alley,6 tiles,Doyle Avenue,
street,46,West Stacks,back street,28 tiles,Johansson Street,Smokestack Row
street,85,West Stacks,back street,10 tiles,Lehmann Street,
street,98,West Stacks,alley,4 tiles,Oden Village,
street,94,West Stacks,alley,4 tiles,Quereshi Lodge,
street,62,West Stacks,alley,6 tiles,Vargas Common,
building,"1,1",West Stacks,ChemicalPlant,3 floors,Strong Plant,
business,5,West Stacks,IndustrialPlant,in Strong Plant,Strong Plant,
business,6,West Stacks,WorkplaceCanteen,in Strong Plant,Strong Plant Cafeteria,
business,11,West Stacks,IndustrialPlant,in Strong Plant,Strong Plant Processing Floor,
business,12,West Stacks,BuildingManagement,in Strong Plant,Carpenter's Management,
business,16,West Stacks,IndustrialOffice,in Strong Plant,Strong Plant Group,
building,"1,2",Chinatown,ShantyTown,7 floors,The Fathoms Zone Obsidian,
building,"1,3",Chinatown,ShantyTown,7 floors,The Fathoms Zone Violet,
building,"1,4",Chinatown,TownhouseShops,6 floors,Thompson Building,Wing On Building
business,115,Chinatown,Chemist,in Thompson Building,De Jong's Drug Store,Tung Wah Herbalist
business,116,Chinatown,ChineseEatery,in Thompson Building,Lucky,
business,132,Chinatown,StreetFoodVendorSnacks,in Thompson Building,202 Thompson Building,
building,"1,5",Downtown,Park,1 floors,Park,The Commons
building,"1,6",Downtown,BrandyNetherland,18 floors,Coleman Suites,
business,169,Downtown,FastFood,in Coleman Suites,Grizzly Feast,
business,170,Downtown,PawnShop,in Coleman Suites,Pilot Curios,
business,171,Downtown,MediumOffice,in Coleman Suites,Commission & Sons,
business,209,Downtown,BuildingManagement,in Coleman Suites,Carlisle's Management,
business,240,Downtown,StreetFoodVendorSnacks,in Coleman Suites,1001 Coleman Suites,
business,250,Downtown,StreetFoodVendorSnacks,in Coleman Suites,1201 Coleman Suites,
business,265,Downtown,Landlord,in Coleman Suites,1501 Coleman Suites,
business,281,Downtown,StreetFoodVendorSnacks,in Coleman Suites,Basement 02 Coleman Suites,
building,"1,7",The Heights,Townhouse,6 floors,Hunt Grove,
business,302,The Heights,StreetFoodVendorSnacks,in Hunt Grove,002 Hunt Grove,
building,"1,8",The Heights,Townhouse,6 floors,Gruber Grove,
business,358,The Heights,StreetFoodVendorSnacks,in Gruber Grove,003 Gruber Grove,
business,361,The Heights,StreetFoodVendorSnacks,in Gruber Grove,002 Gruber Grove,
business,378,The Heights,StreetFoodVendorSnacks,in Gruber Grove,202 Gruber Grove,
business,379,The Heights,StreetFoodVendorSnacks,in Gruber Grove,201 Gruber Grove,
business,401,The Heights,StreetFoodVendorSnacks,in Gruber Grove,Basement 02 Gruber Grove,
business,404,The Heights,StreetFoodVendorSnacks,in Gruber Grove,Basement 01 Gruber Grove,
building,"2,1",West Stacks,MixedIndustrial,4 floors,Essential Systems,
business,413,West Stacks,FastFood,in Essential Systems,Dragon Donuts,Dockside Donuts
business,418,West Stacks,IndustrialPlant,in Essential Systems,Essential Systems,
business,425,West Stacks,IndustrialOffice,in Essential Systems,Essential Systems Company,
business,442,West Stacks,BuildingManagement,in Essential Systems,Pettersson's Management,
building,"2,2",Chinatown,ShantyTown,7 floors,The Fathoms Zone Amber,
business,486,Chinatown,GamblingDen,in The Fathoms Zone Amber,Buttermilk Solutions,Golden Phoenix Benevolent Society
building,"2,3",Chinatown,BrandyNetherland,18 floors,Sarr Building,Jade Mansion
business,493,Chinatown,ChineseEatery,in Sarr Building,Mighty Dragon,
business,494,Chinatown,HardwareStore,in Sarr Building,Go Toolworks,Kwong Fat Hardware
business,495,Chinatown,MediumOffice,in Sarr Building,Desklab Company,Chung Hwa Trading Co.
business,525,Chinatown,StreetFoodVendorSnacks,in Sarr Building,401 Sarr Building,
business,527,Chinatown,BuildingManagement,in Sarr Building,Jacobs' Management,
business,532,Chinatown,StreetFoodVendorSnacks,in Sarr Building,502 Sarr Building,
business,538,Chinatown,StreetFoodVendorSnacks,in Sarr Building,601 Sarr Building,
business,540,Chinatown,StreetFoodVendorSnacks,in Sarr Building,603 Sarr Building,
business,552,Chinatown,StreetFoodVendorSnacks,in Sarr Building,802 Sarr Building,
business,559,Chinatown,StreetFoodVendorSnacks,in Sarr Building,901 Sarr Building,
business,594,Chinatown,StreetFoodVendorSnacks,in Sarr Building,1601 Sarr Building,
business,598,Chinatown,StreetFoodVendorSnacks,in Sarr Building,1701 Sarr Building,
building,"2,4",Chinatown,TownhouseShops,6 floors,Outlaw Heights,Lotus Court
business,622,Chinatown,PawnShop,in Outlaw Heights,Nakagawa Street Pawnbrokers,Kam Fung Pawn
business,623,Chinatown,Bar,in Outlaw Heights,Fitzpatrick Street Lounge,The Red Lantern
business,629,Chinatown,StreetFoodVendorSnacks,in Outlaw Heights,102 Outlaw Heights,
business,655,Chinatown,StreetFoodVendorSnacks,in Outlaw Heights,501 Outlaw Heights,
building,"2,5",Downtown,Park,1 floors,Park,The Commons
building,"2,6",Downtown,OneFIfthAve,18 floors,Zeine View,The Dividend
business,676,Downtown,ChineseEatery,in Zeine View,Emperor's,
business,677,Downtown,ChineseEatery,in Zeine View,Lucky Wok,
business,678,Downtown,StreetFoodVendorSnacks,in Zeine View,002 Zeine View,
business,721,Downtown,BuildingManagement,in Zeine View,Cole's Management,
business,727,Downtown,StreetFoodVendorSnacks,in Zeine View,602 Zeine View,
business,728,Downtown,StreetFoodVendorSnacks,in Zeine View,603 Zeine View,
business,761,Downtown,StreetFoodVendorSnacks,in Zeine View,1001 Zeine View,
business,798,Downtown,StreetFoodVendorSnacks,in Zeine View,Basement 04 Zeine View,
building,"2,7",The Heights,Townhouse,6 floors,Davidson Suites,
business,817,The Heights,StreetFoodVendorSnacks,in Davidson Suites,002 Davidson Suites,
business,819,The Heights,StreetFoodVendorSnacks,in Davidson Suites,001 Davidson Suites,
business,842,The Heights,StreetFoodVendorSnacks,in Davidson Suites,303 Davidson Suites,
business,843,The Heights,StreetFoodVendorSnacks,in Davidson Suites,302 Davidson Suites,
business,848,The Heights,StreetFoodVendorSnacks,in Davidson Suites,401 Davidson Suites,
building,"2,8",The Heights,OneFIfthAve,18 floors,Wan Building,
business,871,The Heights,Chemist,in Wan Building,Cohen's Chemist,
business,872,The Heights,Bar,in Wan Building,Eleanor's Cantina,
business,873,The Heights,StreetFoodVendorSnacks,in Wan Building,001 Wan Building,
business,881,The Heights,StreetFoodVendorSnacks,in Wan Building,102 Wan Building,
business,891,The Heights,StreetFoodVendorSnacks,in Wan Building,203 Wan Building,
business,904,The Heights,StreetFoodVendorSnacks,in Wan Building,402 Wan Building,
business,905,The Heights,StreetFoodVendorSnacks,in Wan Building,403 Wan Building,
business,908,The Heights,BuildingManagement,in Wan Building,Jefferson's Management,
business,940,The Heights,StreetFoodVendorSnacks,in Wan Building,802 Wan Building,
business,991,The Heights,StreetFoodVendorSnacks,in Wan Building,Basement 01 Wan Building,
building,"3,1",West Stacks,ChemicalPlant,3 floors,Dembele's Smog,Dembele Chemical Works
business,1009,West Stacks,IndustrialPlant,in Dembele's Smog,Dembele's Smog,
business,1010,West Stacks,WorkplaceCanteen,in Dembele's Smog,Dembele's Smog Food Hall,
business,1012,West Stacks,BuildingManagement,in Dembele's Smog,Blancora Management,
business,1016,West Stacks,IndustrialPlant,in Dembele's Smog,Dembele's Smog Processing Floor,
business,1020,West Stacks,IndustrialOffice,in Dembele's Smog,Dembele's Smog Corporation,
building,"3,2",Chinatown,TownhouseShops,6 floors,Ricketts Building,Fook Hing Building
business,1025,Chinatown,HardwareStore,in Ricketts Building,Reliable Ironmongers,Wah Sang Ironmongers
business,1026,Chinatown,ChineseEatery,in Ricketts Building,Heidi's,Golden Lotus
business,1032,Chinatown,StreetFoodVendorSnacks,in Ricketts Building,101 Ricketts Building,
business,1034,Chinatown,StreetFoodVendorSnacks,in Ricketts Building,102 Ricketts Building,
business,1059,Chinatown,StreetFoodVendorSnacks,in Ricketts Building,501 Ricketts Building,
building,"3,3",Chinatown,TownhouseShops,6 floors,Carrizo Heights,Golden Gate Mansions
business,1072,Chinatown,Chemist,in Carrizo Heights,Onishi's Chemist,Po Chi Pharmacy
business,1073,Chinatown,ChineseEatery,in Carrizo Heights,Hatzimichalis',Jade Garden
building,"3,4",Chinatown,TownhouseShops,6 floors,Kovac Heights,Kwan Building
business,1119,Chinatown,Launderette,in Kovac Heights,Murphy's Launderette,Sun Hing Laundry
business,1120,Chinatown,ChineseEatery,in Kovac Heights,Svoboda's,Wing Lee Noodle House
business,1128,Chinatown,StreetFoodVendorSnacks,in Kovac Heights,102 Kovac Heights,
business,1142,Chinatown,StreetFoodVendorSnacks,in Kovac Heights,302 Kovac Heights,
building,"3,5",Downtown,Park,1 floors,Park,The Commons
building,"3,6",Downtown,EdenTower,20 floors,Kapoor Center,Credit Tower
business,1174,Downtown,FastFood,in Kapoor Center,Tastehaven Kitchen,
business,1175,Downtown,PawnShop,in Kapoor Center,Trae's Pawnbrokers,
business,1176,Downtown,SyncClinic,in Kapoor Center,Johansen Street Sync Clinic,
business,1185,Downtown,StreetFoodVendorSnacks,in Kapoor Center,103 Kapoor Center,
business,1187,Downtown,StreetFoodVendorSnacks,in Kapoor Center,101 Kapoor Center,
business,1212,Downtown,StreetFoodVendorSnacks,in Kapoor Center,401 Kapoor Center,
business,1218,Downtown,Laboratory,in Kapoor Center,Alpha Biology,
business,1219,Downtown,MediumOffice,in Kapoor Center,Marigold & Partners,
business,1223,Downtown,MediumOffice,in Kapoor Center,Sapphire Systems,
business,1224,Downtown,Laboratory,in Kapoor Center,Zeta Cybernetics,
business,1229,Downtown,MediumOffice,in Kapoor Center,Creditable & Associates,
business,1230,Downtown,MediumOffice,in Kapoor Center,Honey & Associates,Halloran & Associates
business,1236,Downtown,MediumOffice,in Kapoor Center,Weaton Clerical,
business,1237,Downtown,Laboratory,in Kapoor Center,Portfolio Labs,
business,1241,Downtown,Laboratory,in Kapoor Center,Evolution Biology,
business,1242,Downtown,Laboratory,in Kapoor Center,Adaptive Pharmaceuticals,
business,1244,Downtown,BuildingManagement,in Kapoor Center,Graves' Management,
business,1250,Downtown,MediumOffice,in Kapoor Center,Triplex Solutions,
business,1251,Downtown,MediumOffice,in Kapoor Center,Sage Solutions,
business,1255,Downtown,StreetFoodVendorSnacks,in Kapoor Center,1101 Kapoor Center,
business,1267,Downtown,StreetFoodVendorSnacks,in Kapoor Center,1301 Kapoor Center,
business,1311,Downtown,BlackmarketTrader,in Kapoor Center,Creditable DIY Company,
business,1316,Downtown,StreetFoodVendorSnacks,in Kapoor Center,Basement 02 Kapoor Center,
building,"3,7",The Heights,Townhouse,6 floors,Warner Center,
business,1348,The Heights,StreetFoodVendorSnacks,in Warner Center,302 Warner Center,
business,1366,The Heights,StreetFoodVendorSnacks,in Warner Center,Basement 04 Warner Center,
business,1367,The Heights,StreetFoodVendorSnacks,in Warner Center,Basement 01 Warner Center,
building,"3,8",The Heights,Townhouse,6 floors,Chandler House,
business,1382,The Heights,StreetFoodVendorSnacks,in Chandler House,002 Chandler House,
business,1399,The Heights,StreetFoodVendorSnacks,in Chandler House,201 Chandler House,
business,1424,The Heights,StreetFoodVendorSnacks,in Chandler House,Basement 01 Chandler House,
building,"4,1",Red Light,Hotel,12 floors,Irby Heights Hotel,Hotel Lowtide
business,1434,Red Light,Ballroom,in Irby Heights Hotel,Irby Heights Hotel,
business,1505,Red Light,Bar,in Irby Heights Hotel,Sailor Social,The Anchor & Garter
building,"4,2",Red Light,MixedIndustrial,4 floors,Fu Tower Smog,Fu Tower Works
business,1528,Red Light,Bar,in Fu Tower Smog,Patrick's Bar,
business,1533,Red Light,IndustrialPlant,in Fu Tower Smog,Fu Tower Smog,
business,1540,Red Light,IndustrialOffice,in Fu Tower Smog,Fu Tower Smog Incorporated,
business,1557,Red Light,BuildingManagement,in Fu Tower Smog,Mercedes' Management,
building,"4,3",Red Light,AmericanDiner,2 floors,Pointer Boulevard Dining Car,The All-Nighter
business,1562,Red Light,AmericanDiner,in Pointer Boulevard Dining Car,Pointer Boulevard Dining Car,
building,"4,4",Downtown,Park,1 floors,Park,Lantern Square
building,"4,5",Downtown,Park,1 floors,Park,The Commons
building,"4,6",Downtown,CityHall,5 floors,City Hall,The Ledger
business,1589,Downtown,EnforcerBranch,in City Hall,Beta Enforcer Division,
business,1591,Downtown,CityHall,in City Hall,City Hall Ground floor lobby,
business,1602,Downtown,EnforcerBranch,in City Hall,Zeta Enforcer Division,
business,1603,Downtown,HospitalWing,in City Hall,Marigold Ward,
business,1609,Downtown,EnforcerBranch,in City Hall,Zeta Enforcer Division,
business,1610,Downtown,HospitalWing,in City Hall,Ivy Ward,
business,1615,Downtown,EnforcerBranch,in City Hall,Epsilon Enforcer Division,
business,1616,Downtown,HospitalWing,in City Hall,Briar Ward,
business,1621,Downtown,HospitalWing,in City Hall,Marigold Ward,
building,"4,7",The Heights,Park,1 floors,Park,Heights Walk
building,"4,8",Park Terrace,Park,1 floors,Park,Terrace Green
building,"5,1",East Stacks,AmericanDiner,2 floors,Fat Duck Captain Cafe,
business,1642,East Stacks,AmericanDiner,in Fat Duck Captain Cafe,Fat Duck Captain Cafe,
building,"5,2",Brickrow,ShantyTown,7 floors,The Fathoms Zone Indigo,
building,"5,3",Brickrow,ShantyTown,7 floors,The Fathoms Zone Bronze,
business,1738,Brickrow,BlackmarketSyncClinic,in The Fathoms Zone Bronze,Navy Home Center,Home Comforts Supply
building,"5,4",Brickrow,TownhouseShops,6 floors,Campos Projects,
business,1748,Brickrow,Supermarket,in Campos Projects,Campos Projects Checkout,Bricks Grocery
business,1749,Brickrow,Bar,in Campos Projects,Elephant Saloon,The Rusty Nail
building,"5,5",Downtown,Park,1 floors,Park,The Commons
building,"5,6",Downtown,EdenTower,20 floors,Everett Heights,Debit Tower
business,1803,Downtown,Bar,in Everett Heights,Navy Singer Social,The Gilded Bell
business,1804,Downtown,SyncClinic,in Everett Heights,Chae Street Sync Clinic,
business,1805,Downtown,SyncClinic,in Everett Heights,Tibbs Street Sync Clinic,
business,1825,Downtown,StreetFoodVendorSnacks,in Everett Heights,201 Everett Heights,
business,1826,Downtown,StreetFoodVendorSnacks,in Everett Heights,203 Everett Heights,
business,1846,Downtown,MediumOffice,in Everett Heights,Daffodil Clerical,Margin Clerical
business,1847,Downtown,MediumOffice,in Everett Heights,Blancora Enterprises,
business,1852,Downtown,MediumOffice,in Everett Heights,Elysium Company,
business,1853,Downtown,Laboratory,in Everett Heights,Presideo Laboratories,
business,1855,Downtown,BuildingManagement,in Everett Heights,Thakkar's Management,
business,1861,Downtown,Laboratory,in Everett Heights,Tau Laboratories,
business,1862,Downtown,MediumOffice,in Everett Heights,Commission & Partners,Ledger Trust
business,1866,Downtown,MediumOffice,in Everett Heights,Violet Group,
business,1867,Downtown,Laboratory,in Everett Heights,Kappa Cybernetics,
business,1872,Downtown,MediumOffice,in Everett Heights,Queensworth Company,
business,1873,Downtown,Laboratory,in Everett Heights,Brawn Pharmaceuticals,
business,1878,Downtown,Laboratory,in Everett Heights,Alpha Laboratories,
business,1879,Downtown,MediumOffice,in Everett Heights,Commission & Associates,
business,1886,Downtown,StreetFoodVendorSnacks,in Everett Heights,1101 Everett Heights,
business,1890,Downtown,StreetFoodVendorSnacks,in Everett Heights,1202 Everett Heights,
business,1910,Downtown,StreetFoodVendorSnacks,in Everett Heights,1503 Everett Heights,
business,1914,Downtown,StreetFoodVendorSnacks,in Everett Heights,1602 Everett Heights,
building,"5,7",Park Terrace,Townhouse,6 floors,Johnson Suites,
business,1951,Park Terrace,StreetFoodVendorSnacks,in Johnson Suites,002 Johnson Suites,
business,1954,Park Terrace,StreetFoodVendorSnacks,in Johnson Suites,001 Johnson Suites,
business,1963,Park Terrace,StreetFoodVendorSnacks,in Johnson Suites,102 Johnson Suites,
business,1971,Park Terrace,StreetFoodVendorSnacks,in Johnson Suites,203 Johnson Suites,
business,1976,Park Terrace,StreetFoodVendorSnacks,in Johnson Suites,302 Johnson Suites,
business,1978,Park Terrace,StreetFoodVendorSnacks,in Johnson Suites,301 Johnson Suites,
business,1989,Park Terrace,StreetFoodVendorSnacks,in Johnson Suites,501 Johnson Suites,
business,1996,Park Terrace,StreetFoodVendorSnacks,in Johnson Suites,Basement 03 Johnson Suites,
business,1997,Park Terrace,StreetFoodVendorSnacks,in Johnson Suites,Basement 02 Johnson Suites,
building,"5,8",Park Terrace,Townhouse,6 floors,Kapule Center,
business,2041,Park Terrace,StreetFoodVendorSnacks,in Kapule Center,403 Kapule Center,
building,"6,1",East Stacks,MixedIndustrial,4 floors,Scarlet Industries,
business,2063,East Stacks,ChineseEatery,in Scarlet Industries,Sun Hibachi,
business,2068,East Stacks,IndustrialPlant,in Scarlet Industries,Scarlet Industries,
business,2075,East Stacks,IndustrialOffice,in Scarlet Industries,Scarlet Industries Incorporated,
business,2092,East Stacks,BuildingManagement,in Scarlet Industries,Sapphero Management,
building,"6,2",Brickrow,MixedIndustrial,4 floors,Strong Chemicals,
business,2096,Brickrow,FastFood,in Strong Chemicals,Nahia's Fryer,
business,2101,Brickrow,IndustrialPlant,in Strong Chemicals,Strong Chemicals,
business,2108,Brickrow,IndustrialOffice,in Strong Chemicals,Strong Chemicals Networks,
business,2125,Brickrow,BuildingManagement,in Strong Chemicals,Lexingham Management,
building,"6,3",Brickrow,MixedIndustrial,4 floors,Theta Conglomerate,
business,2129,Brickrow,Bar,in Theta Conglomerate,Purple Pioneer Tavern & Grill,The Last Call
business,2134,Brickrow,IndustrialPlant,in Theta Conglomerate,Theta Conglomerate,
business,2141,Brickrow,IndustrialOffice,in Theta Conglomerate,Theta Conglomerate Corporation,
business,2157,Brickrow,LoanShark,in Theta Conglomerate,Turkey Networks,Easy Terms Finance
business,2158,Brickrow,BuildingManagement,in Theta Conglomerate,Du's Management,
building,"6,4",Brickrow,TownhouseShops,6 floors,Jackson Alley,
business,2163,Brickrow,HardwareStore,in Jackson Alley,Jinhai's Toolworks,
business,2164,Brickrow,ChineseEatery,in Jackson Alley,Sleiman Parade,Happy Garden Takeaway
business,2205,Brickrow,WeaponsDealer,in Jackson Alley,Spider DIY Store,Brickhouse DIY
building,"6,5",Downtown,Park,1 floors,Park,The Commons
building,"6,6",Downtown,OneFIfthAve,18 floors,Karkera View,The Equity
business,2217,Downtown,SyncClinic,in Karkera View,Byrne Boulevard Sync Clinic,
business,2218,Downtown,Bar,in Karkera View,Alexei's Social,
business,2254,Downtown,BuildingManagement,in Karkera View,Rim's Management,
business,2269,Downtown,StreetFoodVendorSnacks,in Karkera View,601 Karkera View,
business,2270,Downtown,StreetFoodVendorSnacks,in Karkera View,604 Karkera View,
business,2300,Downtown,StreetFoodVendorSnacks,in Karkera View,1002 Karkera View,
business,2314,Downtown,StreetFoodVendorSnacks,in Karkera View,1201 Karkera View,
building,"6,7",Park Terrace,Townhouse,6 floors,Asfour House,
business,2402,Park Terrace,StreetFoodVendorSnacks,in Asfour House,Basement 01 Asfour House,
building,"6,8",Park Terrace,OneFIfthAve,18 floors,Kanu Suites,
business,2413,Park Terrace,FastFood,in Kanu Suites,Doublesize Heron Hamburgers,Double-Stack Burgers
business,2414,Park Terrace,Bar,in Kanu Suites,Clam Cantina,The Terrace Lounge
business,2422,Park Terrace,StreetFoodVendorSnacks,in Kanu Suites,102 Kanu Suites,
business,2423,Park Terrace,StreetFoodVendorSnacks,in Kanu Suites,103 Kanu Suites,
business,2446,Park Terrace,StreetFoodVendorSnacks,in Kanu Suites,404 Kanu Suites,
business,2447,Park Terrace,StreetFoodVendorSnacks,in Kanu Suites,402 Kanu Suites,
business,2448,Park Terrace,StreetFoodVendorSnacks,in Kanu Suites,401 Kanu Suites,
business,2454,Park Terrace,StreetFoodVendorSnacks,in Kanu Suites,504 Kanu Suites,
business,2457,Park Terrace,StreetFoodVendorSnacks,in Kanu Suites,502 Kanu Suites,
business,2471,Park Terrace,StreetFoodVendorSnacks,in Kanu Suites,702 Kanu Suites,
business,2482,Park Terrace,BuildingManagement,in Kanu Suites,Ruiz's Management,
business,2488,Park Terrace,StreetFoodVendorSnacks,in Kanu Suites,904 Kanu Suites,
business,2496,Park Terrace,StreetFoodVendorSnacks,in Kanu Suites,1003 Kanu Suites,
business,2534,Park Terrace,StreetFoodVendorSnacks,in Kanu Suites,Basement 01 Kanu Suites,
building,"7,1",East Stacks,ChemicalPlant,3 floors,Villalba's Industrial,
business,2553,East Stacks,IndustrialPlant,in Villalba's Industrial,Villalba's Industrial,
business,2554,East Stacks,WorkplaceCanteen,in Villalba's Industrial,Villalba's Industrial Cafeteria,
business,2556,East Stacks,BuildingManagement,in Villalba's Industrial,Jubilee Management,
business,2560,East Stacks,IndustrialPlant,in Villalba's Industrial,Villalba's Industrial Processing Floor,
business,2564,East Stacks,IndustrialOffice,in Villalba's Industrial,Villalba's Industrial Management,
building,"7,2",Brickrow,ShantyTown,7 floors,The Fathoms Zone Scarlet,
building,"7,3",Brickrow,ShantyTown,7 floors,The Fathoms Zone Obsidian,
building,"7,4",Brickrow,TownhouseShops,6 floors,Cheng Shanty,
business,2663,Brickrow,Supermarket,in Cheng Shanty,Convenient Cost Cut,
business,2664,Brickrow,FastFood,in Cheng Shanty,Punk Beefed In-and-Out,Beef & Bun
building,"7,5",Downtown,Park,1 floors,Park,The Commons
building,"7,6",Downtown,BrandyNetherland,18 floors,Hawkins Parks,
business,2717,Downtown,FastFood,in Hawkins Parks,Dog Tacos,Taco Royale
business,2718,Downtown,SyncClinic,in Hawkins Parks,Flowers Street Sync Clinic,
business,2719,Downtown,MediumOffice,in Hawkins Parks,Adore Management,
business,2741,Downtown,StreetFoodVendorSnacks,in Hawkins Parks,301 Hawkins Parks,
business,2749,Downtown,BuildingManagement,in Hawkins Parks,Hendriks' Management,
business,2771,Downtown,StreetFoodVendorSnacks,in Hawkins Parks,701 Hawkins Parks,
business,2782,Downtown,StreetFoodVendorSnacks,in Hawkins Parks,902 Hawkins Parks,
business,2818,Downtown,StreetFoodVendorSnacks,in Hawkins Parks,1601 Hawkins Parks,
building,"7,7",Park Terrace,Townhouse,6 floors,McKenzie Building,
business,2848,Park Terrace,StreetFoodVendorSnacks,in McKenzie Building,002 McKenzie Building,
business,2893,Park Terrace,StreetFoodVendorSnacks,in McKenzie Building,Basement 03 McKenzie Building,
business,2894,Park Terrace,StreetFoodVendorSnacks,in McKenzie Building,Basement 01 McKenzie Building,
building,"7,8",Park Terrace,Townhouse,6 floors,Maldonado Suites,
business,2906,Park Terrace,StreetFoodVendorSnacks,in Maldonado Suites,001 Maldonado Suites,
business,2924,Park Terrace,StreetFoodVendorSnacks,in Maldonado Suites,203 Maldonado Suites,
business,2925,Park Terrace,StreetFoodVendorSnacks,in Maldonado Suites,202 Maldonado Suites,
business,2943,Park Terrace,StreetFoodVendorSnacks,in Maldonado Suites,501 Maldonado Suites,
business,2951,Park Terrace,StreetFoodVendorSnacks,in Maldonado Suites,Basement 01 Maldonado Suites,
